"","x1","x2","x3"
"1",5.03865999691003,0.370705167438491,17.0538730493148
"2",4.31632400727789,0.0736407060176134,11.874907129254
"3",3.64051492595137,0.588711133198746,15.0398991423931
"4",4.1116929368577,0.740496842148614,11.5706072602243
"5",3.85315113670459,0.176118918823613,14.8705091368751
"6",3.50259150865626,0.243821077112519,13.3161219833569
"7",3.0843877118223,0.346771837508583,12.9995489556157
"8",3.39549657796885,1.69797062429421,14.9968192719551
"9",3.46829646121911,1.5371414583578,14.7680113489143
"10",3.49173011627237,0.0670269013692935,13.7697534978842
"11",3.80452722700027,0.748809215260259,14.5986845068788
"12",5.50401626646873,0.537932577799332,16.361552394337
"13",4.54125070189276,0.867316281380964,12.2695034776934
"14",4.67937352570117,0.0764237205060891,13.7483502214423
"15",3.72612050510208,0.141437302332236,11.8161312871725
"16",3.77948385194112,1.615459219779,16.1839435754875
"17",3.92598203432716,0.45874476089915,14.3522774824193
"18",4.11120775127529,0.112833253418406,14.7050798059163
"19",3.66502908540139,0.145689751332005,16.5822808266816
"20",2.92337848874401,0.060331330789874,13.2184169331421
"21",3.62921001954357,0.270251578613607,13.2764861114212
"22",4.38839239639246,0.0990148428827524,15.418239163022
"23",4.89154650500288,0.0141998199687815,11.2293604230113
"24",3.41270037861472,0.218706397184481,13.3338806042292
"25",3.64596667542448,0.0250238265531758,13.5219923348109
"26",4.3651346871194,0.0470692315138876,13.3668090860421
"27",2.01507324073556,0.0075462826838096,17.2800609183599
"28",4.03345719427584,0.0566934964716835,15.3737118841597
"29",4.15064015560653,0.119257582041124,14.903927950491
"30",4.03534557059033,0.226906336378306,16.9753284734955
"31",4.90155616035446,0.380974964936494,18.4794222237011
"32",4.17665325995258,0.13566198060289,14.7695943719039
"33",3.71096871492481,0.179662042918305,14.3910431724515
"34",2.37548319132305,0.163802434969071,18.8659460819424
"35",2.76889359266299,0.16153751888002,15.728070694795
"36",3.77057687530316,1.15205910299581,16.2706141498242
"37",3.10521704947268,0.221906442039957,13.8602749756012
"38",5.08956523573774,0.25860974254843,14.7382156424602
"39",3.15545054206712,0.808468877728748,14.1808443737314
"40",4.6486601822973,0.309066201856637,16.7757832976863
"41",3.63361126538699,1.57583866135818,13.456699365759
"42",4.44673267921997,1.76929181369774,13.6961198969042
"43",4.26080712638966,0.170833150700976,15.711719082899
"44",4.8824576618424,0.00473399398227533,14.656423886559
"45",4.12766070336756,0.0265442475236579,12.907862181618
"46",4.05331553274145,0.0700698157072484,16.9948937256638
"47",3.1514421012897,0.311984005370144,12.0278830624846
"48",3.73443653937731,0.0117532373657407,13.9229851120492
"49",4.16823214695227,0.0268876681743354,12.2938308631992
"50",4.08634207928573,0.313944675014321,14.6804579810146
"51",4.05265361793397,0.37310931116184,15.9037764174464
"52",4.2009220914479,0.0424880073405802,14.4053657551637
"53",4.16528066767009,0.343992996946875,12.3654193466952
"54",3.84138621075746,0.343543693409268,12.238463098685
"55",3.41097413704186,0.601543164473581,17.2943822833711
"56",4.00970353872757,0.931395586154374,15.6812232536859
"57",4.264611832298,0.531968419959126,13.1607198701463
"58",3.03707767033391,0.491528881642832,16.6642216774886
"59",4.23140799282284,0.110528378281742,17.4859953776246
"60",3.45463498317834,0.507554269678203,16.6814238057154
"61",3.16352619443255,0.209435655114551,14.0773144969019
"62",3.69370901692501,0.0826529061111311,17.552033205514
"63",3.75922413368693,0.289776678183083,15.034408126832
"64",4.51497990527053,0.0698009523855681,15.2061510933202
"65",3.72053707456655,0.0794078052646977,14.0487542535385
"66",4.00101799125269,0.0344390630529326,14.5896207577723
"67",3.04987522506834,0.37505942302287,13.7399801573406
"68",4.57039911785326,0.0103927397762223,15.0988004996601
"69",4.06351758627462,0.04717149057736,15.4816434070755
"70",4.60489432198205,0.292499555950647,15.9971292372305
"71",4.20006943776128,0.191534313683708,15.3272578892986
"72",2.85917244030248,0.395507005339766,17.3242023615091
"73",3.63821468962132,1.17115903258777,16.1847076314992
"74",3.83325430611404,0.00494970869424774,13.7123793238982
"75",3.71963413648399,1.07665268574518,16.1322498311427
"76",3.20312132699131,0.349123354987208,13.3042218453895
"77",3.62697712298953,0.529930988817888,15.041142776111
"78",2.27490242216011,0.195394846145064,13.1424306329253
"79",3.56273470578907,0.19627937891831,13.725344839476
"80",4.56718095706954,0.0313166375271976,14.4200284575118
"81",5.44941264815178,0.0298263005291422,14.8583592886481
"82",4.16046387853035,0.24828133327107,14.6733806432326
"83",5.41795540360282,0.465024955257637,14.7309250560806
"84",3.60515157855642,0.94221921259524,13.9023675359111
"85",2.88002798505399,0.377268848305845,17.0767098272539
"86",5.18555691140217,0.210809965928396,12.5223759408108
"87",4.5554457984972,0.589619331033834,15.3460733909136
"88",3.84466045857665,0.0738725260210534,15.1905848528336
"89",3.62696346610473,1.3900668435099,13.7449413103002
"90",2.86362190745614,0.128692399636948,13.826765972003
"91",3.74769234751052,0.439911471355363,16.3387486797371
"92",3.77873365728207,0.690605934060423,15.6204466435717
"93",4.05828554179224,0.558055390582964,14.4281546948722
"94",4.03156906377046,0.452873137144649,13.8083320622284
"95",3.74312010295244,0.0450403572067523,14.1511818293571
"96",3.96576197914644,0.101919048000127,14.6134658546571
"97",5.03306476722235,0.250072025881368,11.2063222709293
"98",4.00506592319517,0.670705371818749,14.4118088256813
"99",3.8831958541311,0.0553536810912192,15.5647452753136
"100",4.61132725059856,0.370470129560336,14.9162156440231
"101",4.27794478772606,0.028043898443381,16.4203723191346
"102",4.54763021896704,1.16595398565582,16.2221579010955
"103",3.50601352438513,0.498675518330741,16.0140721354668
"104",4.36408891744112,0.208833191543818,16.8933922828228
"105",4.23908708275713,0.172188935180505,12.7299839322943
"106",5.37269517305594,0.351112979760671,13.0994133543904
"107",4.55633156533702,0.779970328591975,13.9151138672588
"108",5.20482697383309,0.451527793567284,13.3468644328944
"109",3.46431874030158,0.184747811562071,17.4035138964324
"110",3.5390373850151,0.0505726720827321,13.4860536876919
"111",5.33134254602426,0.333428777429863,13.6571190574025
"112",3.7832460689648,1.24385124696149,13.7830880527763
"113",3.74956678294847,0.353450356968645,14.9235901164028
"114",3.28031589126002,0.555563074173416,13.9552583083187
"115",3.93774105832519,0.361116840490107,13.8187021276008
"116",3.21367817839015,0.0578006827272475,14.1146930593392
"117",4.50415863197074,0.10726186600496,15.989551594723
"118",4.04965055887025,0.666271065894901,14.2931449876966
"119",3.76748411354656,0.388303351446937,15.9383105540338
"120",4.00859145693199,0.0340368800192922,18.1228878365533
"121",3.78296443137738,0.0122888494903843,14.3926182873508
"122",4.44331679597072,0.0108780463412689,13.3046989067637
"123",3.67389303402317,0.318320971278751,16.1183440670656
"124",3.62177241022298,0.594131757166791,14.0455138728883
"125",3.22890782227751,0.171018311132987,12.5802340539778
"126",3.78603683890889,0.237763027646546,13.4450356764028
"127",4.19577113216525,0.343144430764918,13.5661370317839
"128",3.88978658961714,0.389769214191441,15.5830037412423
"129",4.30645810576179,0.00962280140568813,13.3553458016872
"130",4.5806590977118,0.0221656984649599,15.440462892272
"131",2.95578738441075,0.58787361326396,12.7718566132723
"132",3.49737310223331,0.171545274400463,14.7638535790855
"133",4.66679601681994,0.206021786201745,14.8987725292617
"134",2.53952858554638,0.0784589190346499,15.017611835746
"135",5.07144947160831,0.269370385270791,13.4569085273049
"136",5.34467807934497,0.017370044647116,13.0364257454163
"137",4.63800622364684,0.699126030586871,14.2277259141819
"138",3.38833825412412,0.0867350155946714,12.3702804200423
"139",4.64759263002716,0.864337623049229,13.9205062059317
"140",5.01884860038206,0.26579060308372,14.9440690203164
"141",4.74383086865578,0.176610919026037,12.9906861047573
"142",4.28011425566653,0.0171134163674,15.3515336549175
"143",3.72637791392415,0.779157521908875,13.7434604755549
"144",3.99440595673078,0.426244294567311,15.8097167045938
"145",3.84220555883847,0.050153440187127,16.6143082593604
"146",3.87303824374869,0.0592350085886816,14.9024193333191
"147",4.20978189886009,0.509981424830167,17.6229775988639
"148",3.38681429303613,0.522266319614458,15.2906513638801
"149",3.87770718721515,0.374520677748724,14.2329731420045
"150",4.83077042811754,0.191970153711736,13.4406518641875
"151",4.1777115432381,0.235487958662795,15.8019158697138
"152",3.15171011830218,0.00701848173121527,15.7246419586998
"153",3.35470263607914,0.833763703040989,17.3316206284353
"154",5.15458931280097,0.506175721657085,17.2749070511297
"155",4.39839200974307,0.813413307649605,16.5860754693164
"156",4.19042487061636,0.0424607936292887,13.4346329477846
"157",4.37729460159356,0.606329158223467,15.0009369673666
"158",3.4892390335329,0.2208761634926,12.6364180213249
"159",3.96189050971861,0.258554989768469,12.2084983026099
"160",4.80983250788191,0.623941244070167,13.7758811855134
"161",4.55742291284681,0.362409906447832,13.4837391494118
"162",3.77711908947007,0.00344141758978367,15.0569741020849
"163",4.1004879682105,0.442060916360124,15.5603581118678
"164",4.29247641179955,0.172978517133743,13.7914061631045
"165",3.63477603170945,0.0668349429033697,13.3663396319292
"166",3.60505727754994,0.655749461275148,14.7773580393915
"167",4.15517612171983,0.651823418807793,16.2075058350279
"168",3.90613407591882,0.0801236887151996,12.4162703951193
"169",3.41036584105644,0.345731105641429,13.5401760943411
"170",3.84926922795995,0.456732595946296,17.2531413309809
"171",2.98124909893664,0.147906167277445,15.9544433676243
"172",4.1212484349513,0.0313918392332299,13.2580004103733
"173",3.58348127816871,0.93546744805771,14.675113444344
"174",5.51523522462347,0.93757386059116,14.0564788689425
"175",4.64654117827049,0.144538602326065,13.4373436916138
"176",4.69570020924798,0.100426784561326,13.7698789410705
"177",4.31363891229125,0.0748483981586423,10.9049507158872
"178",3.45162694467101,0.362472595632974,15.3754455758122
"179",3.81299593296434,0.212667403587451,14.9148936014895
"180",3.51154014848789,0.00156755760932962,13.0235597800381
"181",3.43616885884327,0.0186092825606465,12.159489938579
"182",4.49558518633612,0.351933305189567,12.5445591119213
"183",3.2778713111208,1.0353343511061,14.3018555423673
"184",3.83879378114067,0.866822284293882,15.6224199829598
"185",4.49851548183547,0.679070427985795,14.8680341227949
"186",3.24593602864222,0.466017707413658,16.2900648198131
"187",4.2119543528563,1.23468072891684,14.5156954847986
"188",2.59323972139565,0.190269524541994,14.7142839022392
"189",3.76592839414763,0.000820401900758346,12.0931399801188
"190",3.59280318385182,0.607190388537256,17.6863956647957
"191",2.3332068312857,0.144817363470793,12.0878344103502
"192",3.82859923172264,1.05262188856166,13.9061550202598
"193",3.89681205368427,0.253060870479449,15.9366817239133
"194",4.65306590927564,0.162873688464363,12.860026969249
"195",4.47643032783007,0.0224984631252786,15.215730385543
"196",4.26277609368832,0.200679605050633,12.6454452923197
"197",2.75377605883807,0.311490131117828,12.1021762893469
"198",3.73346396606277,0.575347489550229,13.1703485954789
"199",3.25760094829792,0.00626119069489657,15.2752110986538
"200",2.78655226373752,0.273939661357208,14.6918170946034
"201",3.17128146323206,0.171969702622543,14.7047255451354
"202",4.5776673348552,0.18584618344903,13.9136587329033
"203",3.99134139815318,0.0918474816505296,14.2949982902538
"204",4.35525237205625,0.087313556112349,14.5804500552111
"205",4.1607519788365,0.365691230928803,14.1281449424178
"206",5.09220137808497,0.327997499752446,13.8513478827244
"207",4.8115583565781,0.471667580278524,11.1099596837704
"208",3.99427968006759,0.556273447942543,14.3901278486794
"209",4.25131497787977,0.0894848905122877,11.7496856945905
"210",3.85820270428736,0.1402765790311,16.5175392298787
"211",4.36397483778399,0.595213991872279,14.8408248998359
"212",4.7350734787856,0.366871338323657,15.2474302721174
"213",3.37533527570415,0.113813340198249,16.9426935746762
"214",4.76375364671056,0.173292231590797,16.3656048898514
"215",3.98674320934677,1.04231734816593,18.7664916269615
"216",4.63079086002588,0.111361586799224,16.8300126593795
"217",2.70611071603309,0.183091965473629,13.4431122304005
"218",5.46165567436026,0.156117371438692,16.7502674343743
"219",3.67033180297826,0.408655713919207,17.536410084492
"220",3.67616626844405,0.03484164023151,15.440947221174
"221",3.80876122007131,0.10057571483776,14.0443505645105
"222",2.9206303519147,0.399034050589705,14.2415987210629
"223",3.52256100915545,0.324940611283883,14.6186231113308
"224",2.51809861131875,0.184610960694651,13.7497331565314
"225",4.7826116104099,0.225376291200519,17.0070460501918
"226",4.41689609871722,0.0441997614689171,12.910087850207
"227",3.73576698065716,0.0996684584145745,14.0597178639632
"228",4.60425447835157,0.385331208814877,13.4616963326133
"229",2.78728822808855,0.262149148606662,14.9452420403059
"230",3.67323874159187,0.573415094326721,14.7549935910446
"231",3.5398543608712,0.345015097085043,13.4065208087401
"232",4.80696771029351,0.222961936146021,11.6500192885098
"233",4.20591062457166,0.764872866534606,13.7737236662663
"234",4.1158198301562,0.0631376455245907,15.6768121175432
"235",4.08122326154463,0.33058901191841,16.5158502891014
"236",5.27277940292411,0.0388483654522666,12.5871372794276
"237",3.893390664505,0.356190751038189,16.4632419328039
"238",4.71940478670773,0.107732397044934,13.994505371872
"239",3.72727893690855,0.126944708327452,14.5738078879493
"240",4.87221366169226,0.0749206760277351,16.9611848076084
"241",4.2003450784722,0.0233907466754317,11.2029948202613
"242",4.1307732002484,0.573497669122426,16.6513405323516
"243",2.71592478434618,0.249162179714346,18.4541343658381
"244",3.21066187863966,0.289836936305865,15.0296369353878
"245",4.28339487519909,0.100399330181882,16.4006556064802
"246",2.67303482436065,0.49716427112302,15.5174669340299
"247",3.37056818806406,0.239661148114407,11.107592142996
"248",4.71462706597766,0.698990589574222,13.7083165750493
"249",4.23742654455851,0.554003072874554,13.9393221503527
"250",2.95685990891049,0.271891414173845,15.4409100418109
"251",2.83242718304734,0.445195989048386,14.8703242000024
"252",4.36033286048891,0.423145915367607,17.3710182936843
"253",4.97132690512464,0.206179912667722,14.2712970652274
"254",5.32647662443309,0.159592279543479,13.6857768034608
"255",4.28771047450844,0.35139994911691,14.1163567711787
"256",5.00519323728729,0.226334533498933,14.5584645293153
"257",4.94909829502367,0.669901152423827,16.2824866946242
"258",3.50333931140641,0.485725437373146,15.6217784229544
"259",3.66572332349854,0.238924097927159,12.3072644656722
"260",3.02228523013602,0.885468147032174,13.5271412607072
"261",3.46220248793593,0.071023417947193,16.6723823506736
"262",3.1873646403532,0.17623178443561,12.4376888865617
"263",3.09704665725961,1.0189257710612,13.1986613126693
"264",3.92272452917572,0.896812774819843,16.4185628990339
"265",3.78616893028313,1.70073228033816,11.9001988657898
"266",3.04765377231598,0.128324671803663,13.7576559880717
"267",4.77652425144191,0.605805022694028,15.1163347470455
"268",3.1226432695194,0.218529611515502,14.8415453574629
"269",4.05930717487233,0.554057606046946,15.2113880993552
"270",2.54653266148586,0.150395337957889,10.1413430634774
"271",3.99069651729428,0.546614377434667,18.1600315216294
"272",4.02025643545478,0.142406195867807,15.616291674341
"273",3.86407744459882,0.653267525729346,16.0143201262344
"274",3.51201496361684,0.184559968765825,16.8798660599671
"275",4.66786230414153,0.302103181045159,14.7365373781894
"276",4.0158391774563,0.0176189220460112,14.7227456972777
"277",3.96773180381253,0.710182765456748,13.1699745611398
"278",2.89188144392179,0.135296477978676,14.852890432388
"279",3.68624696922176,0.00453107027957837,16.0198383678923
"280",3.48030893210026,0.343121559034689,13.6364159788125
"281",2.69038632752435,0.62486579576811,13.9564375553798
"282",5.12152304998103,0.15171837915356,15.6950410521502
"283",3.54597016325092,0.0214429044475158,12.582681922902
"284",3.68922834476733,0.80720940561724,15.5853136435948
"285",3.45884129073224,0.238675490007703,11.6027608276153
"286",3.06800521093233,0.192825186066329,13.8407471297541
"287",4.86172857937187,0.00806806220983465,14.1874113696934
"288",4.05181575292039,0.260459148621464,14.1550318294398
"289",4.15949193602118,0.140904881060123,14.7730671668187
"290",3.84679348059042,0.0103910973518753,11.4374781007365
"291",4.55144901291899,0.235103324352109,15.6578548189857
"292",3.99934068794378,0.318624868422423,16.5038301877326
"293",3.30885918692802,0.341649776621068,13.3311531348294
"294",4.43630347254631,0.237227752480312,12.8802136864393
"295",4.54479441271973,0.786858394079121,14.7637522889986
"296",4.39897279223799,0.69231296762507,17.8154819518046
"297",4.26375064004659,0.167296065638463,13.9524884422149
"298",4.71182387398755,0.993525167981487,15.0516908520513
"299",3.93167232121303,0.197051976425063,16.9296637407578
"300",4.33028688220003,0.332377039502962,13.5560177139983
"301",3.76511134981398,0.193315848397712,15.7028888090552
"302",4.01225302917624,0.0675748082188268,14.7740760866261
"303",4.16364736830979,0.660562628231255,14.9688149889379
"304",3.01808177425462,0.225177706374476,14.1431032891141
"305",5.57513601864435,0.620424992687313,15.3407859304858
"306",4.36913272802335,0.177885438781232,19.1477069434425
"307",4.01589222179529,0.00781186925338671,14.113670422556
"308",4.02044199110669,0.464752286294949,12.4808317501569
"309",5.39722763834766,0.275341183554037,14.2562811511827
"310",3.72266394242927,1.73285282970203,12.6164301623236
"311",3.80146786158532,0.202353992965072,15.5128069548852
"312",3.34903272808086,0.0798462859044472,14.0415185199978
"313",3.87854675040161,0.0363581689695517,14.5862490922416
"314",4.534732797253,0.184192044350008,15.3314346016385
"315",3.62381801020697,1.30211193045429,16.386258551323
"316",4.52276627942528,0.380276646140619,15.7640982935612
"317",4.67051989401202,0.11593446212495,11.2726677695316
"318",3.96774790067354,0.845272979967507,11.7614953214234
"319",3.11056982376203,0.0721125109877051,14.6273538913467
"320",3.86536578625039,0.199430705513805,17.0555315884695
"321",3.30609276361404,1.17540084164854,15.9366383968118
"322",4.5093383543669,0.319796338352962,17.1240711657444
"323",4.70343875543796,0.0382151341376205,14.7970425779007
"324",4.04000843615335,0.333984813169129,14.2059857510793
"325",4.4740442529906,0.223754541327556,15.4680731836483
"326",4.01246996354895,0.106435133765141,13.6836715051002
"327",3.87661999637006,0.244721774618729,16.2331418831828
"328",4.4011415772289,0.631660743563334,13.862447231183
"329",3.64962963817536,0.0662874615130325,15.129895882371
"330",3.69455967343298,1.94399155859344,16.2239511393388
"331",4.7134923974058,0.646721369248438,13.3048577746854
"332",4.1185301733308,0.303894978313053,16.306647263198
"333",3.83640541895498,0.316595687827373,17.0692110961572
"334",4.44978814813011,0.281738094087231,16.408563810781
"335",3.66366205117126,0.272833633063436,12.6877836232397
"336",5.49949272284405,0.100852457365948,13.3199874466181
"337",3.40091680858278,0.0532340279603479,14.7421772552552
"338",3.40530656691792,0.0112010599114001,14.1584661497902
"339",3.79815721410157,0.135072473591814,15.1964691266164
"340",4.05972251168407,0.320382496017619,14.9830438070151
"341",3.83210175075714,0.199675432406366,15.4101781536823
"342",4.12391936066811,0.8186145178794,16.0176594403617
"343",3.71803095742209,1.1132297515309,16.7216161740214
"344",4.89008768539294,0.383228891204699,16.2508945374379
"345",4.95456946414194,0.738304254580992,14.3950373611319
"346",2.9621393165514,0.176419166848063,13.6991809119058
"347",4.64931198853815,0.0662460257299244,15.0224088267744
"348",3.42252156223595,0.0387513831568261,13.7901679730921
"349",2.88235893145517,0.38916649481744,13.9834715953805
"350",3.23992171937676,0.118018467755367,13.0911958280066
"351",5.135329713642,0.199461975134909,13.8694259041033
"352",3.91873958399601,0.551201816680533,14.7222829166886
"353",4.79328054610472,0.96302092566452,15.4796080571287
"354",4.48954558034615,0.31657604468207,11.936484080229
"355",4.1222040609103,0.0470605276951744,14.4317685303465
"356",4.40182987997158,0.237417157961243,16.7456373728848
"357",3.60445850206836,0.106249651095519,12.9472809189419
"358",3.53919060086266,0.67056699797805,14.9709412597222
"359",4.96062142243844,0.757839211193088,14.2066515918482
"360",2.74417305246982,0.151501270187328,13.928768188649
"361",4.54752205288411,0.818088541044385,12.8536000441198
"362",3.66679178694175,0.0525192531446616,17.0582706490383
"363",4.04806839843843,0.517466524364101,12.0578294587233
"364",5.07622710165926,0.203965657701095,13.8376848131373
"365",4.37575519113861,0.222681593460341,12.5514835898544
"366",2.74937200420913,0.334481090293233,14.9966910590361
"367",4.35415200647965,0.540962874819859,15.6458320634167
"368",3.74797787896227,0.169395647166918,12.1154180755821
"369",3.96875034518826,0.483038933804735,18.5256613649208
"370",3.13812009669184,0.532104883091933,14.4235400905275
"371",3.0559616215544,0.0356808178971062,13.1212032500262
"372",4.28699851993738,0.0682615353725851,15.454796677413
"373",4.11767016100296,0.462732642408733,13.2675032735801
"374",4.36188520327145,0.0147940296881847,14.2705048475759
"375",4.69936468161469,0.375966032952968,13.3394133824634
"376",4.27486994935891,0.478081559734353,15.2027740656
"377",3.70710045126067,0.0319417123682797,16.4396484377725
"378",3.29366926916831,0.129451694277426,13.0960373554034
"379",4.39518410838756,0.474377087330847,15.9083686201662
"380",3.96609146751412,0.598612282596126,14.0869615470483
"381",3.57889821235056,0.491193130265503,14.2614327483381
"382",4.74853711517866,0.160544757420818,13.9890089335838
"383",5.07284113785139,0.229769944834212,15.1335350623325
"384",4.16444960645935,0.766538406990679,13.8594174895006
"385",3.89156355776663,0.70973564720602,17.057045451741
"386",4.35283290302227,0.392776670254936,13.2162979222582
"387",4.46284814015744,0.163859812768567,15.06173526434
"388",4.2417657807106,0.424018162909552,15.5628444495795
"389",3.44773827937192,0.76472004933428,14.9700957477279
"390",5.16842677693924,0.893585994146727,14.0170778878416
"391",4.56752061624925,0.218133489911755,12.4910869165229
"392",4.03182527709385,0.224425576627254,13.9822340733882
"393",3.92875821999071,0.287542247820302,18.0077628369635
"394",3.12529736909473,0.123897158071798,14.4018339578828
"395",2.67268419900272,0.0541797433979809,13.5859798633875
"396",3.26756960453225,0.285994903791352,19.4306988789101
"397",4.17756778897907,0.00930070271715522,14.6079564844642
"398",3.52496064395461,0.535942363214302,13.3843543621093
"399",4.40036949589541,0.409821239449401,12.1536388812007
"400",4.18801552589266,0.532490567590792,17.4645764355921
"401",3.85854973802655,0.020201522236069,14.729427341462
"402",4.27252924083438,0.113575461475799,14.3890796921143
"403",4.70873495555594,0.00527669272075097,16.5254417609554
"404",2.92398135009213,0.000867107473507137,14.9330968656879
"405",3.07881508167152,0.470760407538294,13.6745213707046
"406",3.84130682735246,0.106901995992909,11.8482467674364
"407",2.14113131774386,1.5397886504463,12.2697465329614
"408",3.40659791477706,0.480010792585023,13.5647866801528
"409",4.13580475428947,0.0259433854371309,19.9825237955335
"410",2.60898444536884,0.471336726071247,14.5154549342794
"411",4.37099450579486,0.144664424937218,15.481771806313
"412",3.5519044509202,0.99256639933947,15.173939138681
"413",3.47825702302979,0.254504893892411,12.9910307198889
"414",3.69124332373553,0.100993875879794,13.7839012009183
"415",4.9897969078225,0.0912171633293231,12.8164339394525
"416",4.12017384000859,0.1483767433092,13.0396233195307
"417",3.97398599794096,0.205225413665175,13.5587564292071
"418",4.33877655445051,0.50757940545361,13.9918932367383
"419",3.8247354173006,0.179208173726996,12.0384732331547
"420",3.69867561092649,0.293476378531162,14.7657708656192
"421",3.44442000267558,0.0351479035124323,15.7982492927044
"422",3.33756806373581,0.22953688306734,13.1905733446091
"423",4.32038620431615,0.304623603496357,14.0066204788294
"424",3.44754349559291,0.0418253106598594,17.6534431872053
"425",5.05930622579272,0.621599504696139,14.4296094209529
"426",4.52262550941539,0.0691343592479825,13.503878620581
"427",3.43371728809224,0.121706282409529,13.6616836594032
"428",3.95849561160137,0.376971311542793,14.7092702063988
"429",4.0556381395523,0.602872939752348,13.9265011387087
"430",3.74424824072295,0.0556707352710267,16.780095927433
"431",3.58823893523379,0.0435868886609872,16.3514035288398
"432",4.17886709227721,0.153760736032079,14.6601827726649
"433",4.38016450748006,0.160453232315679,15.0719800576665
"434",3.80498951064615,0.362802677415052,14.1671519836569
"435",4.33904285822648,0.100390000268817,12.3944195725104
"436",4.08287429505833,0.321433638208513,14.0562949985144
"437",3.16919961505929,0.186778546466182,15.0975356672058
"438",3.17125963859823,0.137754773565878,12.9102991374933
"439",3.20065943009145,0.128563845219711,17.8393928557172
"440",3.93075251774985,0.260371940506899,15.5050817935924
"441",3.55342707160778,0.506232906725812,13.8752539887895
"442",2.75303056171474,0.0528132681718425,12.6024748697069
"443",4.71922921112789,0.288446978031003,12.5144220119518
"444",3.61467268169873,0.697064046395532,13.965046208453
"445",4.36814514610651,0.0220803840396305,18.8989606365501
"446",3.42089357278645,0.0989293613596247,14.9382911060814
"447",5.03831189806325,0.0523555912501615,15.4497931935688
"448",3.29891339751075,0.125927869230509,15.6400879069602
"449",4.74550723667598,0.219349988115331,13.2845955876839
"450",3.65464916756386,0.421907491657539,13.9385662540157
"451",3.12843537202919,0.00219688968112071,12.2441792628782
"452",2.47634543948297,0.00579777300762678,18.6374741580148
"453",1.86951066458323,0.557563184422064,12.7136329969699
"454",3.26539760501425,0.672175634003488,14.8372658262976
"455",5.47896686739582,0.238233322884544,14.1290898511195
"456",3.16538465449801,0.69766508597405,15.5140449886597
"457",3.05667030324712,0.148699365090579,12.8212486452412
"458",4.99778634288368,0.084424543012079,14.322173202568
"459",3.42535458275898,0.0367461127480875,14.5123304716671
"460",4.93381256749298,1.041596442405,14.5122288521218
"461",3.9577611014753,0.468841594498687,13.3401317657649
"462",3.79861382058712,0.0439576596642534,13.4599810832073
"463",2.54439475165021,0.00940118418908985,13.6146825856691
"464",3.03282059026048,0.831714699002814,14.8656200837144
"465",3.82638850652427,0.41062524478724,17.0302708825937
"466",4.77124512173145,0.152415859814639,15.3016349276606
"467",2.82349968921919,0.31043924964195,17.1754380138732
"468",4.6029438141243,0.123087839378665,15.1453789308272
"469",5.01680446275907,0.129125642732734,16.4986162052103
"470",5.71369909161919,0.78730657656094,16.309439315158
"471",4.34559615136498,0.400704735745485,13.1991675490342
"472",4.33956288793579,0.180752348310004,16.4385315784045
"473",4.1397911605817,0.0570402983576059,12.8006544630957
"474",3.7872130451812,0.229756731229524,16.1555033271051
"475",4.08361214956564,0.42142365995636,14.6524156470694
"476",3.47606104660969,0.00717619067276599,14.8077458371771
"477",4.42389612218894,0.758295502616781,14.2034998574257
"478",4.61751706035234,0.22877136260892,14.5292912453876
"479",4.7817330742964,0.506458083537976,17.1552675565807
"480",4.12281917643907,0.0278906844738638,12.4909868953047
"481",3.71937055079362,0.0126235590547111,13.0219954796134
"482",4.44500472958575,0.118545619456268,14.5432289340755
"483",5.0174940051012,0.712770430329156,16.312825918434
"484",4.57833905704464,0.0188734877544145,14.9536075279775
"485",4.81330931293151,0.0387055115452441,13.6464776058811
"486",3.38851536612304,0.095127043624719,13.3220730113752
"487",4.28814770420725,0.263648782842759,12.6985873329705
"488",3.2822252633717,0.544810250373491,15.4121826999164
"489",4.40496027246647,0.294582966043581,12.7565425787484
"490",4.54886363279621,0.229527441163858,19.596942596328
"491",4.08603504377867,0.591498219069648,14.5219393262662
"492",3.14513109985496,0.417874676471853,14.3420935401211
"493",4.45606165206325,0.457475423798863,14.5684661586529
"494",4.10502995667184,0.192791377815107,17.196558105929
"495",3.86751678844117,0.319991555050914,15.1787569023419
"496",3.33596976792824,0.2557725297217,15.5480130917175
"497",2.17532800147373,0.22299525157238,12.6003249692361
"498",4.49488748069599,0.429916204870645,13.3410641741489
"499",2.45725511559602,0.14136218590041,15.6081332508966
"500",4.20827443965751,0.254109963139796,14.6999001305697
"501",3.0954527604333,1.18419603424789,13.3401814510765
"502",3.28388166599831,2.02288797983252,14.1560885388666
"503",4.06369953198902,0.569674612125545,13.9886224527079
"504",5.15909584760745,1.06389191989463,14.4851189519151
"505",4.60320231269013,0.802709757618817,12.7024327601276
"506",4.43812975317779,0.0503976700485484,15.6915055390537
"507",3.035755736357,0.83386206188074,14.701548582571
"508",4.01034406396616,0.56181158495129,16.868429048107
"509",3.15534643198717,0.111433260298024,15.9589592119677
"510",3.5922987004054,0.312776496619884,13.5230177113646
"511",3.17107101493499,0.336333334742391,17.2122972018434
"512",3.9398987660277,0.41567020023704,12.8065727009594
"513",2.17888263693268,0.393530564058228,13.4027004957645
"514",4.3578473226862,0.162163228262216,14.8485825377848
"515",3.45785501519156,0.106798777006981,14.7217553170665
"516",4.64124564157263,0.0111135873012245,16.003978390186
"517",3.20889723728925,0.416979144002899,12.853206442672
"518",4.30211823775257,0.200741855893284,12.0453442063198
"519",3.18288360342443,0.0378309426208337,17.2839307446888
"520",4.69673947852667,0.322128277850461,14.9000387292982
"521",4.38629953659099,0.68835199124794,14.9059552916812
"522",4.94776443138101,0.51745661407392,16.699395018383
"523",5.51255755948495,0.0546474664782484,16.3641984995353
"524",3.90038253967955,0.23892514623543,14.7110290039424
"525",3.65910443712418,0.306259198878269,14.0338770464591
"526",4.06812757142285,0.490364971232224,16.5036167887784
"527",3.83985857136264,0.583920429743139,13.881785226149
"528",4.30081326067833,0.690852819562531,15.6190235099407
"529",4.37203849091652,0.0455213636159897,12.7083876785912
"530",3.90903395374572,0.400160051247382,17.6782954272909
"531",4.31166780901323,0.0992970018026729,15.8371573232541
"532",4.47950400339412,0.154757803771645,14.7540525816351
"533",4.05939895072617,0.0787642525198559,12.9401473821127
"534",3.61205869691249,0.271746436740859,20.1825028634655
"535",3.51625411603329,0.265197654810339,17.5943884651407
"536",3.09425746691958,0.14816314370061,13.3659925282823
"537",4.70101965322431,0.0480892492147783,16.7973520336502
"538",4.02459054802789,0.131339308340102,13.8109700677795
"539",5.67750429106581,0.120430703585347,15.1218711872668
"540",2.62034002045881,0.212698453105986,13.1276797812632
"541",4.52781610491488,0.788097857766064,13.6943835954903
"542",4.1596356254099,0.407708125485384,15.2720454230915
"543",3.84876650347951,0.486043946789511,15.8739257842894
"544",2.99709233698436,1.55867558003532,14.8797828535954
"545",4.63400820012588,0.987372230862683,14.7321744453457
"546",3.96046935883182,0.103522300564994,13.873965642261
"547",4.34775991636684,0.16225622035563,14.1750691142353
"548",2.97395618775733,0.0101815767030742,14.3614600747094
"549",3.81517606649177,0.0976078685375432,14.6736022461669
"550",1.72665011293831,0.456170234504743,16.285743110599
"551",3.72849968891442,0.0565559466737884,15.8974302891724
"552",3.10662414810691,0.255337859813136,12.5240959647583
"553",4.2558306088769,0.669393092365869,14.3583954245514
"554",4.53891037389854,0.0789012854608397,13.7149318309086
"555",3.05846609888194,0.16426982001091,15.2008288184394
"556",4.45414715218772,0.334889733521376,14.1597354024854
"557",3.90222116466384,0.180732793795566,12.5156712435717
"558",3.7390526406768,0.280657000204825,15.4390254316634
"559",4.18766548231525,0.0257290056906641,13.2321689266378
"560",3.20059634216628,0.232920497952306,11.2542861770525
"561",4.09673409060545,0.437516233559354,14.4782823275806
"562",4.64686624492141,0.0591670231507689,13.0567995697054
"563",4.64527064182579,0.579177573916125,13.4410651775964
"564",4.53710890924109,0.277295605575943,11.309808410645
"565",3.76537456063612,0.0954675576649606,13.2703282836859
"566",4.03567411796338,0.941723769309515,17.7927793146372
"567",4.22464865471192,0.779803136321616,12.7422891516759
"568",3.58127289719355,0.116027769166976,16.8466317550827
"569",3.22154410863767,0.0713917086832225,12.6473809517465
"570",3.39391381778008,0.303711740886109,13.4443330723748
"571",4.40745550021017,0.406878332593445,15.6299511505133
"572",3.03015707484518,0.171112856968975,13.2963797705316
"573",4.15122770710778,0.333156908860131,13.4653779886318
"574",3.52914490621401,0.611005268962987,14.9557094574729
"575",3.17313787493308,0.0876523363556384,12.6617441379771
"576",3.66760423858159,0.0070297682347397,14.5856492878632
"577",4.31231962364304,0.564809269554226,14.5451576327685
"578",5.24557076641269,0.0737314714381031,13.5930969927196
"579",2.54706246655657,0.690341988550433,13.9884782203002
"580",4.51749263936984,0.399726718339725,17.3982954964047
"581",2.54495631448477,0.160272649973734,17.8319191166066
"582",3.55859604664642,0.147764758348372,15.965940385133
"583",4.46927672106173,0.332381223381223,19.3355209332325
"584",3.66663325548216,0.0911138934704165,16.9016441483496
"585",2.90008501275218,0.055076001297705,15.765984052732
"586",3.88708815812658,0.565933645985333,10.9269446558868
"587",5.32765241156067,0.195631243860001,14.2510114478407
"588",5.45291635164995,0.0709701012820005,13.1887498754705
"589",3.41635310049748,0.507711800843322,11.2664432993176
"590",3.85036078271436,0.503767510731582,15.8776861729934
"591",4.62307727587683,0.214622187272956,13.2335557113795
"592",4.85279542279667,0.564564137381125,16.5752147777548
"593",4.53458511514762,0.303727166713182,13.4968964996828
"594",4.49091849941263,0.613433620554018,14.3244096586376
"595",4.38144295407656,0.630593474926361,16.8263342284865
"596",4.02272701755913,0.756969514928291,15.8591215385416
"597",3.80056287026587,0.116204607921342,16.5450343790381
"598",3.59888472228525,0.40211507661838,15.1879458202322
"599",4.32421283319019,0.35138249582142,14.0302732700545
"600",3.55409495476428,0.285449501003906,15.9111910614863
"601",4.09325541978729,0.406495138988797,14.5784072911245
"602",5.21696150321583,0.0699632845491163,14.2848382449133
"603",3.90145626442269,0.625036907043862,14.5146140872517
"604",4.54267465620868,0.135883876836355,11.0073647895354
"605",3.89316535255792,0.135079948697239,14.0055393174599
"606",4.23059994264149,0.770676151496879,20.6082656231045
"607",4.08498509597794,1.21245357573481,12.1663063752247
"608",3.97180064904948,0.651687683509596,13.8264439241457
"609",3.88800447321858,0.142260865308344,14.449178886689
"610",4.19637741272873,0.675506447724311,15.4560913932555
"611",4.48450883622499,0.268349664892658,12.036645151359
"612",3.89792661295962,0.416897354012632,13.9625623156588
"613",3.15073856519007,0.406459925253249,13.6775427170045
"614",4.32547470315739,0.0133835854207201,13.3272074554689
"615",3.77577911664357,0.0615853541530669,11.5811572525962
"616",2.95023475185154,0.200240969813118,10.9773787328803
"617",4.48980114928402,0.0754022303621074,14.0648799775256
"618",3.86134187478153,0.677972759402601,14.3476555261271
"619",4.24300157701293,0.0759474649094045,15.8631586551275
"620",3.14138942589094,0.621146505700224,14.0252428456068
"621",3.0453063559772,0.12490069369475,16.8412960158137
"622",4.27855706446551,0.667582970084556,16.1187685227896
"623",3.6826600779641,0.430536250569824,11.5105280772118
"624",3.55445885014648,0.00148444095005592,14.4392096856043
"625",2.66199465311166,0.0955036602293452,13.221898585098
"626",4.74026850792754,0.0639205736418565,15.5084777342253
"627",3.58347932283911,0.136286908139785,13.7642889432109
"628",4.77538666185355,0.0318457457857827,13.0364900017703
"629",4.99261672127545,2.29101339404597,15.0254873960676
"630",3.75270228870684,0.377069781520371,14.7754700720684
"631",2.81894322864828,0.0982398573930065,12.2460019261243
"632",4.80842305643292,0.136799432337284,15.1305530899922
"633",4.18166605502982,0.243113672967657,14.5106202209345
"634",4.1126928718383,0.185061724080394,13.8596754604272
"635",3.80457097666552,1.00280095382891,14.8850499341153
"636",4.96520939914795,0.384033313007061,15.2345999836249
"637",3.74577196622304,0.532958636653233,14.536074749227
"638",3.03886617967729,0.325483086815381,13.3718279655624
"639",5.34980354511166,0.102008074420387,16.1860872295132
"640",3.21292947558694,0.0484265721182201,15.2977927229595
"641",4.03326580135563,0.0379373358366169,15.1296994101565
"642",2.76532789643186,0.212292106822133,12.8327890704435
"643",2.33694331574348,0.0692394505321872,11.277974717923
"644",3.70296986789588,0.0623394721187651,11.85680404044
"645",4.15526745039516,0.0567612420244365,13.2664823377247
"646",4.45495888826017,0.0161360872704943,15.834258507083
"647",5.12481757234145,0.622620879334021,17.3848844145863
"648",5.62226484206622,0.143584843569746,16.0225355951134
"649",4.034474756657,0.231311381515521,14.2859083583697
"650",5.20541941961365,0.269597033956055,13.5134845269967
"651",3.55486656325376,0.308897037355506,14.4837682615684
"652",4.66850838850233,0.0308771741514214,12.1380102209123
"653",3.22373638078143,0.640505996294912,13.9004653826655
"654",4.66150219719676,0.300683727637512,15.8041318967722
"655",3.48492417372354,0.467724325107344,16.3604212200327
"656",4.53925348657025,0.273906594874568,14.7796801778319
"657",4.28487404009104,0.149966650487234,13.4641436333099
"658",3.37284978111335,0.269540418124144,14.3622086131665
"659",4.10623266284724,0.368811107873789,10.9749851960008
"660",3.90631097218951,0.223737674610068,15.017970838668
"661",3.29640664270956,0.0880367311959465,15.161274207912
"662",3.94913535743179,0.104820006527007,15.5060962465894
"663",3.09719500948334,0.694139039606373,13.2242301686951
"664",3.75859623605161,0.571766583220967,13.7452929917424
"665",4.82101305038547,0.00170887375577021,16.9191751499177
"666",4.09844137836625,0.0715814102441072,17.2605709378298
"667",4.33097860449199,0.220431607682258,18.9689251110568
"668",2.97650635406943,0.234910381374679,15.5656712194033
"669",3.7842141391647,0.0886856272506217,14.0443342278937
"670",3.91603236053982,0.38108613491726,13.7377292835028
"671",4.59069157248793,0.114441477848838,16.7768680451237
"672",3.01176716070454,0.821699405047012,14.562713365393
"673",3.49219825355401,0.381615671625638,13.2846501444748
"674",2.97679918369932,0.0216117810147504,13.4298126320298
"675",3.67013590515046,0.468978688713718,15.8543106368771
"676",3.26059833144205,0.183121914501414,14.5010872338219
"677",2.89295186499223,0.0221393783576787,15.2313959865113
"678",4.37470647929525,0.759726452909621,14.1044919432732
"679",3.15350207747746,0.457660048565173,11.1160499842141
"680",3.40274615472303,0.996381969775472,15.3982329334918
"681",3.76762698283015,0.192612815648317,14.3567123403982
"682",3.29446912468816,0.347358761030837,15.4867416971066
"683",5.24492072046262,0.118626021159192,15.3272731524005
"684",3.74331579697879,0.212581761957457,14.2363715371809
"685",4.02205916165942,0.0624707685783505,14.1609719936732
"686",4.06890950361086,0.332652186650439,15.7583464997344
"687",4.11580259408737,0.597950503202089,13.9183613251755
"688",3.55049991743735,0.577130996283698,16.6179081236767
"689",3.53039994846454,0.0086317854442853,13.8366030645516
"690",4.32554028373548,0.257341913244033,13.9208809190257
"691",4.26503866973014,0.11519889254123,12.593113302929
"692",4.85790634586065,0.671975896976201,15.8270147120228
"693",4.12238494424428,0.31307001659792,15.4492669543471
"694",4.28818090517023,0.351637866334025,15.7343476394026
"695",3.6062704197333,0.780793586703849,13.3819702420302
"696",3.11166250663221,0.20370821080481,13.9938342537042
"697",2.31156951332469,0.010365720372647,15.4551425677239
"698",3.74194384251444,0.115439967873196,17.7319758839347
"699",3.65806077611797,0.207297462038696,14.2271555983823
"700",4.57630050602143,0.208451130893081,15.6686201288809
"701",4.11110263380537,0.0273047137695054,14.6951622378646
"702",3.71447577579693,1.01534895629474,15.6186177546976
"703",3.10805746629204,0.0238934695762921,13.6802142662115
"704",4.11123900381029,1.02736148480934,11.2336188509888
"705",3.64930244332369,1.0090326540888,13.0277327496418
"706",3.74625396126033,0.672982333820868,14.4589146760957
"707",2.49065571455949,0.394416369173332,14.8619762673698
"708",3.32535657785918,0.315768562890093,17.1060469855467
"709",4.42264584536999,0.735632182988239,13.1304670832202
"710",4.53371046929684,0.774844309273076,15.0574579338702
"711",4.78714138289194,0.552900412037042,14.581084707346
"712",2.85494615671135,0.193898500564198,14.5146193655087
"713",3.96571869250101,0.636932392928568,12.7838743783524
"714",3.36683133597752,0.0938242198899388,12.6725847950605
"715",3.42509143541817,0.386035180636648,15.8943999470309
"716",2.9285800593444,0.451008001638854,14.6425537325175
"717",3.90052720633647,0.491313352220251,12.0479623646713
"718",3.33509604263121,0.137507910374552,15.2690147410248
"719",4.33910876884539,0.235689904771774,13.5061675314062
"720",3.85449447763768,1.36184094528806,13.1136363999771
"721",4.16609531058693,0.589531405490446,14.9153350003855
"722",3.39068633632125,0.000429481112708648,13.0367468181882
"723",4.13521096270323,0.0369805591808153,16.5198324496834
"724",3.25622243971063,0.52199654712956,13.878188929496
"725",4.23730090189729,0.325127047327674,13.5522977127861
"726",3.58426626820921,0.791533598423061,12.613489310797
"727",3.77183412793414,0.724890332006129,11.2995201693514
"728",5.18352866921308,0.445193480996692,13.0457558133941
"729",4.85263161163648,0.0197751327823758,15.5214912212805
"730",4.93716188502227,0.348483082207706,16.4598365038926
"731",3.30263117262878,0.256261070555353,13.9016296634405
"732",4.41269740504269,0.625257087222544,13.3421182704354
"733",4.41230356891236,0.365290725436411,16.9737669132995
"734",2.63636210600311,0.00480189717363428,13.3648847791244
"735",5.21685456409893,0.604504151063446,14.9456428422242
"736",3.59812123836452,0.0833112862892449,13.4288949771805
"737",4.2068735351367,0.63697112224679,15.7218603516296
"738",3.77418340179896,1.16442500234099,15.1704954801641
"739",3.30843901622785,1.20909282003251,14.1715833325192
"740",3.23889546132133,0.909173995835296,13.8680362522612
"741",4.49501466404146,0.00145234198619922,15.1363005465619
"742",2.79162994571919,0.0521145331052442,12.869659096203
"743",2.85863138422356,0.305214274039769,13.3450811177786
"744",4.27516949543552,0.813159608310719,18.3896540722409
"745",5.14570510453485,0.826044455749504,10.3118760660073
"746",4.77729188250586,0.894018475501045,15.8676083780189
"747",3.56772939044307,0.729972705823891,15.2319522148624
"748",4.80796947280258,0.103966930584338,19.5068576125505
"749",3.92708694295599,0.221873753859351,13.6195929828091
"750",3.54746048903408,0.354369369035939,17.9765188050573
"751",3.70692923244759,0.859681285254868,11.953523585422
"752",2.64865212637841,0.459308623943134,13.4232570299418
"753",3.66237534499618,0.783590111218604,16.2441891144429
"754",2.71002502620026,0.0362320102037458,16.0149130831063
"755",3.74994056211222,0.0224550091462213,14.3201021072547
"756",3.90169081539299,0.935973015868283,11.60908610319
"757",4.1585366725789,0.226941951084882,12.6889255096731
"758",4.73998365895894,0.252675912024569,18.443475273922
"759",4.48662828951235,0.0360718524704377,11.7760582563556
"760",2.99452901817353,0.28186162218293,14.4875094846062
"761",4.7108100730882,0.00725345250674579,13.1475080834613
"762",3.82402826652684,0.766543809815108,12.2793302044578
"763",4.19059570923802,0.772125137927842,13.2529212433508
"764",4.44704643108959,0.836611234230511,13.5181992824526
"765",3.93689616214811,1.16340505089815,18.3647523260162
"766",2.49161645918456,0.0917325521198412,14.3067124112084
"767",3.19072684882054,0.678738838033684,16.3540355313986
"768",4.04170435677205,0.403813294331873,13.4428240283617
"769",3.16747623019019,0.511957373442062,16.7308819664732
"770",4.24862525972105,0.0726667434598009,14.5688579216337
"771",3.19849843044637,0.236437240611001,14.6024474582366
"772",4.3099378878195,0.00359437133496006,12.41559568896
"773",4.79253558670031,0.750902520591254,13.6568305040064
"774",4.64653575433152,0.0121911019086838,14.2389403127357
"775",4.30198191613023,0.0573576219000934,11.3213125941765
"776",3.01016254049888,1.20232212722751,14.3766078228123
"777",5.46877068967747,0.172905847430229,12.3530597390016
"778",4.25648007756404,0.337231409101093,13.332580148338
"779",3.94008647652369,0.62635889087797,14.745091354406
"780",5.08414352845023,0.15319072889785,13.0575439667997
"781",2.89512540658973,0.508603603240657,14.2072225563482
"782",3.56904769720006,0.894318783613753,15.3331360110495
"783",4.05269962895433,0.383007925957162,15.5761997838727
"784",3.85834027894791,0.0030609581929942,17.6085905816688
"785",2.12211437203479,0.623840039567955,13.3640130809442
"786",4.48797192846646,0.134395654246222,14.2973331175344
"787",3.75420852649981,0.231934369623156,14.0295523464001
"788",4.01466142288052,0.139737321219097,10.5349207999716
"789",4.62776932861791,1.23520713448528,11.5859993907567
"790",4.26095998454168,0.584179561557182,15.3677156577641
"791",3.80537902500067,0.0328260522025327,14.2854190935744
"792",4.90304241337224,0.246665107256409,17.2524825001528
"793",2.16788461218178,0.125433255452663,13.6598371410526
"794",5.57720038304899,0.172842644465466,17.1238504868104
"795",4.64536092506632,0.0482962364330888,14.693578623519
"796",4.92370137172164,0.403241216191057,12.028014246728
"797",4.67787739366726,1.41246189849205,12.1496113277709
"798",5.28340039795648,0.412550301587486,14.3958637792325
"799",4.63880731478036,0.0743722734041512,13.7203630722609
"800",3.56443272211638,0.0648503911971791,17.4219955024195
"801",4.76389422711309,0.349197600546087,12.5235194452508
"802",3.94431571412277,0.223492405687769,17.319820704414
"803",2.64798647873283,0.589258430497654,12.5600193107409
"804",3.70817124996183,0.145721395034343,13.7436235141117
"805",3.96638544924802,0.109379386684547,14.0112401436039
"806",5.56372131614787,0.747805463816872,12.8039242279725
"807",3.63391267409644,0.159503213595599,16.5019179310866
"808",3.79094549330467,0.318818850739205,13.8764520785653
"809",3.27133866658263,0.0753011241911449,13.9533420188307
"810",3.36805766518063,0.47017971795977,13.8620327384092
"811",3.64282164615578,0.221372009254992,13.7820143143096
"812",4.06655206645072,0.412770006791655,12.4680324309111
"813",3.78540440621123,0.0601480103281697,12.5307830942536
"814",3.88874525538232,0.0774786183391691,10.4813188141255
"815",4.67516295625965,0.310748532439903,13.4649502744411
"816",3.2932052831764,1.09986079726976,12.810528130609
"817",4.43915384622836,0.946665045428882,17.109403759805
"818",4.78792342956284,0.360176595115314,13.1030978990037
"819",4.20955021291496,0.306227197236963,16.3324687877511
"820",3.61640146052239,0.0246976944617927,14.8518281913582
"821",4.76803211979325,0.118592450240006,13.7955631713567
"822",4.6747443399894,0.286334944283124,17.3259074406506
"823",3.76017462764504,0.239298362891777,11.7287675289468
"824",3.79177091015193,0.152747136540711,11.8494664225028
"825",4.40402832315601,0.425976435329421,11.4259289653326
"826",3.33299976931384,0.0353671603576524,13.2893478532094
"827",3.81841304386644,0.342457552116021,13.2283615773708
"828",2.74475694565032,0.499562879996308,14.7938474309513
"829",4.52192564276291,0.110267823664141,13.4616199517428
"830",5.25229018492589,0.0177407450973988,14.7763015487914
"831",2.8945221502754,0.536244584840345,18.31249119911
"832",3.05718279660783,0.386756306223103,16.2775181233406
"833",4.13690727241202,0.851097200644724,17.5082603079513
"834",3.97876903080386,0.0725189256481826,15.608307332326
"835",3.74707347287489,0.0623507763569554,16.3272420135426
"836",3.75279047852489,0.0928299881828328,11.8930815412241
"837",4.81326742540505,0.1291799369889,14.2015687642096
"838",4.22830238612303,0.230969517491758,15.2554579186897
"839",4.99691959317004,0.0641419095523397,13.995053339774
"840",2.66356854260342,0.112034156073744,12.6253731318894
"841",3.39135017157384,0.434802171760205,13.4523840707475
"842",3.59280511514494,0.608320527992455,14.610001365273
"843",4.83898180736372,0.0412668592690444,13.9871214167126
"844",4.27185065746159,0.295780384899084,17.6747736838597
"845",3.26757623140597,0.0804909587216874,16.3600017012643
"846",3.38243366535379,0.345772077625895,13.8652134827045
"847",3.18374971504556,0.0495442978065756,12.5231749612814
"848",3.01386524699065,0.160254405811429,17.2564264099791
"849",4.08839557360777,0.128046477213502,15.663629621375
"850",4.1769107087748,0.0491372726578562,13.5386767521848
"851",4.31114228369767,0.0404736260855926,16.5049428094503
"852",4.18000722931705,0.15954386908561,15.1774733321872
"853",4.13709736748666,0.199853414669633,13.631510694194
"854",2.69927349702428,0.106664785494407,16.1834833083054
"855",2.65301879139718,0.29460462212404,12.578753088789
"856",2.84073960978037,0.587706456553745,13.0898777802716
"857",3.83041589485524,0.0855756229170032,14.9351437031766
"858",5.28072698758265,0.178266149635116,16.1463447730631
"859",3.87128595961987,0.135492130493124,14.4191620864428
"860",5.28856023461133,0.366543315647447,14.773549329005
"861",3.48393084388632,0.0989403409806402,15.8421904969997
"862",3.82826234310294,0.543446141299649,13.2299437842962
"863",5.24998087477664,0.269915947366162,15.6998400035503
"864",3.61366289804667,0.30966901276635,17.3090290928697
"865",4.28941092962392,0.646260917779613,18.4467545505183
"866",4.45462595838956,0.125628851198902,15.5120432985389
"867",3.40151972139782,0.403858259306256,14.3123496512506
"868",4.00462204757141,1.28431181788894,14.9671520768967
"869",5.00859024638836,1.00307113420879,14.9432549678229
"870",4.56656685442498,0.0442504125336806,14.5887035757989
"871",3.18247969114455,0.118417984029899,14.7475463883926
"872",2.5206565147799,0.384797302337254,17.8265589381191
"873",5.20355485899844,0.252187168961873,12.523954248856
"874",3.13640739803367,0.718814948531699,15.6865536542622
"875",5.40267177185222,0.116013449151069,12.9925784390241
"876",4.39413152865975,0.84860789004625,14.7980492863435
"877",4.5763400579102,0.217554592527449,13.5686789671489
"878",3.76540336919074,0.325314405360226,12.9063590735829
"879",3.6446850877585,1.37608111580662,13.1890547969193
"880",3.80385806881778,0.284315090971799,14.7642016900383
"881",4.03424416994858,0.197078841117521,13.0484711583246
"882",4.27520648158341,0.45468373253783,14.8075622143058
"883",5.05144056505032,0.272946514864489,11.870565021172
"884",5.06037876534895,0.945155958278593,14.8405360182733
"885",5.27941706916003,0.39512367514114,16.936973373671
"886",4.29260447396051,0.302470021556719,16.68943328394
"887",2.90880691963098,1.09798864517969,14.9108374355987
"888",4.06068834894105,0.101344243468096,13.9548911684502
"889",4.01214486939975,0.0772086836302662,15.1447890592155
"890",4.02159733821744,0.344796460418308,17.7354314414032
"891",3.75021111829962,0.764183534267259,12.160613429367
"892",4.62794632447776,0.297641084810495,15.6312332324888
"893",4.83136043161218,0.830997359586469,12.4681693289033
"894",4.0961298850777,0.015934791008757,13.2826801532003
"895",3.8220220022247,0.0535491182838591,13.1315526432518
"896",3.3910038182318,0.910282007687005,13.3226187597059
"897",4.57831027026819,0.679196520990936,15.8901698811963
"898",3.01013279795336,0.0619621307899555,16.8487793108299
"899",2.94991128422303,0.219754034032424,15.5239162984706
"900",4.66023530932461,0.50904175147028,12.0263954707681
"901",4.46328481166771,0.200147970579565,15.5826687337395
"902",4.08102500666998,0.402738614137428,13.2705288125903
"903",3.6142426834972,0.00867572297188404,13.9145807527156
"904",4.54397765214869,0.0110571929794036,14.8925145127867
"905",3.17346525864839,0.0878625515227516,12.671315812761
"906",3.4576567273858,0.175138911853234,17.0401519777741
"907",4.2099715120616,0.416077427552048,13.1116936292576
"908",3.73974591741523,0.400319602016016,16.2598604974008
"909",4.3788739497338,0.120674050621762,18.1688271305403
"910",2.79247050375919,0.13073267472059,16.3311255802416
"911",3.42249888698229,0.311814186459684,11.3631271330717
"912",4.13594684715398,0.131208215840161,10.4298943869713
"913",3.68204408841589,0.351490269197114,15.9900479796779
"914",5.09349120743884,0.087566234017008,19.2127650332475
"915",3.77186096972305,1.22650040368688,15.7616881522149
"916",3.18878993134121,0.330813539200429,13.6999097565064
"917",3.29752116825802,0.174179333572586,14.3694442856566
"918",3.70541944574938,0.0597754540884592,16.178072414541
"919",3.93305891285231,0.21998383042713,13.5357090464184
"920",2.95009511634793,0.369175534681384,16.5238496420872
"921",3.34540240932909,0.30349983490845,13.6896825735593
"922",3.35467672581563,0.783620099805506,16.0838472883065
"923",4.56215926124242,0.31005081012432,13.0030836911291
"924",3.24619285945375,0.134040623762573,15.7743185033094
"925",3.47974527873941,0.172051762851576,16.2372377324763
"926",4.53585446392713,1.17148010075276,17.8592197458639
"927",4.158406594206,0.498144939929205,16.850730318973
"928",3.0513707021175,0.0472087464295328,14.3447067063624
"929",3.76154407268797,0.768966381584709,17.310229654175
"930",5.1079788121358,0.477033089070955,15.6244929542772
"931",3.37747742967579,0.29777584192495,17.0241991413267
"932",2.96195831628469,0.32821428188695,12.8482515407831
"933",3.31184955747906,0.561429807754473,15.9047236732938
"934",3.96536150773137,0.460693187066321,14.4176725579997
"935",4.97104270381103,0.272224541118646,12.3561222021069
"936",4.50252095837888,0.245711703673596,13.4319282872019
"937",2.96017109144977,0.0579849742352962,15.7658773707511
"938",4.03431980208503,0.353879687362317,13.7104468341812
"939",4.17671321702806,0.341667563330038,13.335173727728
"940",4.61750628834522,0.323881097744807,13.1584653528196
"941",4.18874160711635,0.00636299303085441,13.550268904181
"942",5.33872019961379,0.319427393983706,16.0618647872327
"943",3.58169020828187,0.303117527401034,11.6507738822275
"944",4.20352013064166,0.00741120210538308,14.3261247144708
"945",3.48510640864617,0.28751858632853,15.4830955891675
"946",3.0236763455447,0.594497477786518,14.2379669170352
"947",4.40104560111689,0.0825299877801414,11.602337065169
"948",4.69985278148369,0.100777178104006,14.566509810369
"949",3.5952975390745,0.0640429390283922,14.5132181690797
"950",3.3552384312515,0.360510935372019,14.3524044426891
"951",4.23219029550845,0.721388449228207,13.5537278478024
"952",3.65839023135441,0.400967150291705,13.837464260683
"953",3.87630554204369,0.817011197986913,18.6905588649355
"954",5.27989910722821,0.698501177711002,13.7142913133513
"955",3.98989309782849,0.110393445938826,13.9877845981088
"956",3.8983518305039,0.0222019866729776,12.8217423434622
"957",4.74500086070453,0.396637219611212,14.0764605180963
"958",3.84068115871593,0.318117305019738,18.2297213965089
"959",3.11585441196176,0.0620832122139383,15.738578595144
"960",3.2696645322611,0.1378577449359,15.5967815658028
"961",5.68528903566239,0.88988197528592,15.6428347825248
"962",2.63957108706946,0.147325266928722,11.199138438243
"963",3.78642557571764,0.869356225718324,13.1038653192263
"964",4.46255941306559,0.0700426953844726,12.109078043104
"965",2.96431673833201,0.261467776868149,15.1711944041583
"966",4.8380533586949,0.518412437882829,15.3400829217571
"967",2.57755918538821,0.195581049658358,12.5408471026054
"968",3.72887274488644,0.156244372270456,15.3971497879306
"969",4.88465184597317,0.21662075460578,16.1629582992746
"970",5.20189114192629,0.409291502384746,14.5539034754047
"971",4.67058826981769,0.0622858655018111,16.9046054093126
"972",3.80258191137372,0.146131187987824,19.4145975627283
"973",2.29084529771038,0.16810984024778,16.5844536101274
"974",4.58223066049228,1.31247260352425,15.7756321082796
"975",3.7808976730074,0.297650279773676,12.6472801045797
"976",3.88268093523668,0.153469619651635,13.2206306601642
"977",4.20501511951193,0.120719765778631,14.554072654366
"978",4.76270938365611,0.0241749214288621,13.2399546655769
"979",3.14753583370537,0.407345022060875,18.1035138186433
"980",3.25480710807421,0.337210534747346,15.8532950357953
"981",4.97127809396983,1.24349508365444,13.533015392805
"982",4.83781139707872,0.319990757217908,12.8110814180337
"983",4.68414680560143,1.08253123357258,12.9374625141366
"984",3.88515280524695,0.290132502390349,14.2574982786984
"985",2.60339636266177,0.019861730436484,14.2885441734853
"986",5.32346813761819,0.0112160141579807,11.9157824698585
"987",3.73928445786164,0.930710720463213,15.1608779525015
"988",4.09377194836574,0.534178102360972,13.2137167293443
"989",3.08360914869957,0.493772433421819,11.8724734689815
"990",3.75259318187748,0.362842899193593,12.3591393573157
"991",4.31174453848365,0.0767701524309814,13.4934127782298
"992",3.93272345136172,0.0773900602988251,12.8285594986969
"993",4.59497479033831,0.452096105228766,13.6081901964139
"994",3.80241974804175,0.336247514608904,15.6224891779729
"995",2.88752841511027,0.139090404413114,16.4002966269867
"996",3.56320149050051,0.0351053541187909,14.6144542720599
"997",4.01763602041862,0.0925536050707415,12.688270263816
"998",4.59416619086261,0.154622696495304,16.1260879492725
"999",3.36441976542139,0.168775529445459,16.5827400835706
"1000",3.71648547472018,1.13372776155036,12.626618569164
